t,schedule_1,schedule_2,gamma_1,gamma_2,C,criterion_positive,numerical_integrable,analytic_logZ_relative_error
0.11322210842282328,polynomial,linear,2.0924042183036358,-1.1744667844096757,0.6535798407786024,True,True,0.0
0.6835972487871987,sigmoid,ddpm,2.533175598000681,-2.7818889431943044,-13.649467445049476,False,False,
0.10219080013611848,polynomial,cosine,1.8590624786635572,-2.8376810594694204,-1.013566607846857,False,False,
0.2405244964820472,ddpm,ddpm,2.6435106914689235,-0.5839639382636609,2.7796527974680583,True,True,2.722632847842561e-16
0.4381497769581268,linear,polynomial,2.6579473058747163,-1.8536530506227293,5.580777791466876,True,True,1.873021049611105e-15
0.6177516092594001,linear,ddpm,0.5707991778636574,-0.8107081912489098,-1.6756754781322303,False,False,
0.8846682710209841,sigmoid,cosine,2.038462778703135,-1.4591938856547086,79.4568605436819,True,True,1.750217568727774e-16
0.41113713918328304,cosine,ddpm,2.213854961201737,-2.1261481906695407,-1.5607784143628014,False,False,
0.3481935004471646,cosine,sigmoid,0.8377412625560281,-2.3037208504852043,-1.24482749436312,False,False,
0.3862361573672562,linear,cosine,1.7145883970794726,-2.7237195858725007,0.5159083898353414,True,True,0.0
0.3703289804057066,ddpm,sigmoid,1.9288245768244023,-1.3046734776898554,2.507709468021936,True,True,0.0
0.598549715748834,polynomial,polynomial,1.479047501320403,-2.725685880011981,-3.0270852932337404,False,False,
0.29149555439436176,sigmoid,ddpm,0.710038358955962,-2.5816103691334944,-3.2778869682427314,False,False,
0.22022357351587127,ddpm,polynomial,2.6912105770267596,-0.6464200870129859,2.7495119443239786,True,True,2.686715778853367e-16
0.14161704085152768,ddpm,polynomial,1.6258484166232174,-2.490810675718236,-0.7846044281641038,False,False,
0.5642659087894806,cosine,linear,1.5113795995538206,-0.9962826112731383,-1.4663966150175027,False,False,
0.8536904884051983,cosine,linear,1.2467403320473065,-2.1799871948908986,-77.8134484055696,False,False,
0.841723642454294,sigmoid,ddpm,1.4127754206120713,-0.7637381989255738,24.978469791208852,True,True,0.0
0.44018289987926046,linear,sigmoid,1.60094288678946,-2.8864762342268433,1.6891405813271683,True,True,1.690278142309779e-16
0.46803611144727686,ddpm,cosine,2.0505336300384447,-2.9877412630883105,0.811057839540088,True,True,2.169153195300165e-16
0.7286285605710461,sigmoid,sigmoid,2.3943221132707286,-1.7435567387190474,6.5764227367987615,True,True,4.107305928547298e-15
0.8456477492907026,ddpm,ddpm,1.536639623389177,-2.3362089294718236,-29.26297017811779,False,False,
0.8743409519397172,cosine,cosine,0.7873315832022629,-2.3225377926907735,-39.919668159698624,False,False,
0.8657681436887709,linear,cosine,0.5367657624134232,-2.6591002256139395,-30.915461964048887,False,False,
0.7578990620344563,polynomial,cosine,0.8719100305812448,-2.9315720345573872,-16.462945401656505,False,False,
0.8388241278267756,cosine,cosine,1.6999698095195805,-1.0809322990982597,9.866794802560271,True,True,1.2300331954182828e-16
0.844813852784924,ddpm,sigmoid,1.1653256807307315,-1.8473360190554673,-28.17735300488286,False,False,
0.12269229209081685,linear,ddpm,0.6012767779710866,-2.330015489141402,-1.7454498971390071,False,False,
0.5102069786096625,linear,ddpm,2.298049432066851,-0.5399793238089299,7.55680981071837,True,True,4.511339931359834e-16
0.15335200701368112,sigmoid,cosine,2.8227605519925154,-0.6652062418101868,2.1200942601044153,True,True,0.0
0.5497854737827657,cosine,cosine,1.360774947010313,-1.5757468298695834,-0.5092725215585276,False,False,
0.5432724017386142,cosine,sigmoid,0.8113867645882087,-1.220826892518944,-0.3797610136924552,False,False,
0.4303170741447142,sigmoid,polynomial,2.5242769397819442,-1.9011898800154645,0.05852189897772053,True,True,0.0
0.39552352887334474,ddpm,cosine,2.545302427427276,-2.066266156049384,2.528576425452195,True,True,1.2197296182541942e-16
0.2163788305492254,linear,cosine,1.881528776303218,-1.9848105040329207,0.8310780015474326,True,True,0.0
0.7581650241452016,cosine,linear,1.5162758418703166,-2.7748974041557424,-36.41912090663587,False,False,
0.39203692620661656,linear,linear,1.5384600934280617,-2.574509963195257,-2.803020385852051,False,False,
0.6621216565278291,sigmoid,polynomial,0.6965750929140997,-2.131536440841596,-3.2733400255838916,False,False,
0.14757132128027078,linear,cosine,2.859503567355227,-0.8170427556531195,3.0727029042731946,True,True,3.1041320007513423e-16
0.8811698575488357,polynomial,sigmoid,1.4519262707772236,-1.5744351529464415,-63.14055062896715,False,False,
0.7904961633514542,cosine,polynomial,2.4392279702545707,-1.2721434067981525,14.31335300417835,True,True,1.3484777152093864e-16
0.8959338785287343,ddpm,polynomial,2.7032679318442248,-1.776766263859113,107.701094504684,True,True,0.0
0.7498683184890033,polynomial,cosine,1.2898588634192505,-0.9567809473164062,0.2059851221557638,True,True,1.2993314983917322e-16
0.6985988026414033,sigmoid,cosine,2.169723513928378,-2.89603407944488,1.9031959835340029,True,True,0.0
0.6360494794519488,sigmoid,linear,2.6517535238691945,-1.1178668508052687,1.8549226583747256,True,True,1.8199869276424616e-16
0.8282046129728439,ddpm,polynomial,2.286546341636882,-0.9176323219556805,63.00444288324921,True,True,0.0
0.5208177988943001,ddpm,linear,1.9035019188755573,-1.9458397873156816,-0.9419587158587293,False,False,
0.5571164803646196,sigmoid,cosine,1.8085868184872997,-0.72233910061568,1.9051423015129563,True,True,3.7214584123095424e-16
0.5718960226567604,ddpm,cosine,0.5160222066607754,-2.4316230030634713,-3.56429144697682,False,False,
0.256085918765444,polynomial,ddpm,1.2992040907066624,-0.9687692893194623,0.12816862660644257,True,True,0.0
0.15781221242390142,cosine,cosine,1.944219731294648,-2.0055979409490643,-0.06530996368200714,False,False,
0.4104533854276154,polynomial,linear,1.7499320591465461,-2.3602436982066206,-4.259937989353455,False,False,
0.41607336668637407,polynomial,linear,0.6572387461374283,-2.3147021594394417,-5.827326690238971,False,False,
0.712733694191098,sigmoid,cosine,2.6838065778018305,-1.6807508418750288,13.958335168403664,True,True,2.7818174626664935e-16
0.15626100285537448,sigmoid,linear,2.7883099002794145,-0.8185075226222658,1.6413581670428843,True,True,0.0
0.23083473295718424,cosine,sigmoid,2.6721357358682982,-2.085174948368608,0.9625254572905608,True,True,1.1835613185022685e-16
0.46828426309385984,linear,ddpm,2.184333594318184,-1.295043469614495,3.7792068484775023,True,True,4.367836475907946e-16
0.5630068026588021,polynomial,linear,1.7686746513613179,-2.4741643311496757,-9.16504464854869,False,False,
0.8909562666942558,cosine,sigmoid,0.9930873682396714,-2.5203418795339205,-131.50954058621164,False,False,
0.4850083972602149,linear,cosine,0.9573583116892967,-2.907547850310668,-1.9439044105582637,False,False,
